id;infosperson;infosacadem;infosadmi
1;structure invoice;Data;TCP
2;Cotton deposit;plum interface;Automotive Gibraltar
3;Shoes repurpose 1080p;e-services Optimization Tugrik;plum
4;SMTP system;Bahrain multi-state Industrial;intelligence
5;Cambridgeshire Bedfordshire;bottom-line digital;Berkshire AI system-worthy
6;Djibouti wireless azure;Automotive application Producer;digital
7;moderator front-end Plastic;back Industrial;Senegal Norfolk Account
8;Table Rubber matrix;withdrawal;Technician
9;Vermont;copying;Regional Buckinghamshire Peso
10;Singapore;invoice invoice Idaho;tangible
