id;destinataire;expeditaire;forum;annonce
1;Representative compress Missouri;Platinum;input Generic;Advanced Netherlands
2;SQL Tactics;Sharable;Ergonomic asymmetric;magenta pixel
3;Cambridgeshire Circles Guarani;Cotton;quantifying facilitate;web withdrawal
4;microchip;salmon;target blue Avon;Handmade Gloves Sleek
5;Electronics;Chicken deposit Dominican;e-business Investment Tasty;Supervisor digital
6;bypassing Incredible;indexing XSS 17(E.U.A.-17);Refined;Kroon Texas Cotton
7;Usability;schemas facilitate Tugrik;Tanzanian matrix Table;National
8;indexing;salmon;overriding;Market
9;matrix;bricks-and-clicks complexity;whiteboard Avon Delaware;asynchronous transmit fuchsia
10;Berkshire;navigate;Arizona;Account
