id;nom;postnom;prenom;genre;date_naissance;adresse;matricule;promotion
1;EXE Account;deliverables;exploit back-end paradigms;Jewelery;Tasty;Dam Wooden red;algorithm;systems synergistic
2;invoice Solutions multi-byte;matrix Fresh backing;protocol Account;Central Territory;Generic turquoise;Rustic transmitting Communications;Tools;Herzegovina
3;navigating;Delaware hack;Sleek web-enabled;syndicate Reduced;Handmade circuit;Fish Licensed;Dinar Architect USB;Bedfordshire Junction
4;Synergized markets Kids;haptic Pants Market;Plastic generate generating;digital cross-platform Zimbabwe;wireless functionalities;firewall;didactic viral;benchmark Borders Intelligent
5;Security Agent fresh-thinking;Card Turkmenistan;Colon;Outdoors;Car;driver cross-platform Representative;microchip Ball methodical;Checking Sausages
6;Generic Oro Pataca;hack Oregon Rustic;Tuna maximized Data;SDD;Future Internal PNG;system;Maldives;solid
7;Factors;distributed;Fresh;intelligence;Customizable Salad Walk;Technician productize;Global coherent Rubber;Wyoming
8;CFA;Fresh;mobile Roads Account;Soft task-force Future;payment up Sausages;copying;web-readiness;Polarised Garden hacking
9;Movies;Pataca United;payment neural Accounts;Right-sized morph;Loaf flexibility architecture;Parkway Front-line zero;Steel Convertible Implemented;SQL 24/365 redundant
10;back;Shoes recontextualize;Cameroon blockchains payment;back-end;payment Engineer;Avon;Director RAM Health;copy Norway
